{"has_child":1,"home_url":"https:\/\/mandolins.softsys.ca","child_file":{"mandolins.softsys.ca_wpvivid-62a78890d4d83_2022-06-13-12-57_backup_core.zip":{"include_path":["wp-includes","wp-admin"],"wp_core":1,"home_url":"https:\/\/mandolins.softsys.ca","file_type":"wp-core","root_flag":"root","file":"mandolins.softsys.ca_wpvivid-62a78890d4d83_2022-06-13-12-57_backup_core.zip","php_version":"8.0.17","mysql_version":"10.6.7"},"mandolins.softsys.ca_wpvivid-62a78890d4d83_2022-06-13-12-57_backup_themes.zip":{"file_type":"themes","themes":{"astra":{"slug":"astra","size":23863173},"twentytwenty":{"slug":"twentytwenty","size":1782862},"twentytwentyone":{"slug":"twentytwentyone","size":3666363},"twentytwentytwo":{"slug":"twentytwentytwo","size":3694185}},"root_flag":"wp-content","file":"mandolins.softsys.ca_wpvivid-62a78890d4d83_2022-06-13-12-57_backup_themes.zip","php_version":"8.0.17","mysql_version":"10.6.7"},"mandolins.softsys.ca_wpvivid-62a78890d4d83_2022-06-13-12-57_backup_plugin.zip":{"file_type":"plugin","plugin":{"code-snippets":{"slug":"code-snippets","size":1801242},"content-control":{"slug":"content-control","size":794582},"foobar-notifications-lite":{"slug":"foobar-notifications-lite","size":5737872},"simple-tags":{"slug":"simple-tags","size":1348477},"astra-sites":{"slug":"astra-sites","size":5805854},"ultimate-addons-for-gutenberg":{"slug":"ultimate-addons-for-gutenberg","size":11610771},"user-role-editor":{"slug":"user-role-editor","size":1256783},"user-submitted-posts":{"slug":"user-submitted-posts","size":3900466}},"root_flag":"wp-content","file":"mandolins.softsys.ca_wpvivid-62a78890d4d83_2022-06-13-12-57_backup_plugin.zip","php_version":"8.0.17","mysql_version":"10.6.7"},"mandolins.softsys.ca_wpvivid-62a78890d4d83_2022-06-13-12-57_backup_db.zip":{"dump_db":1,"home_url":"https:\/\/mandolins.softsys.ca","file_type":"databases","root_flag":"custom","file":"mandolins.softsys.ca_wpvivid-62a78890d4d83_2022-06-13-12-57_backup_db.zip","php_version":"8.0.17","mysql_version":"10.6.7"},"mandolins.softsys.ca_wpvivid-62a78890d4d83_2022-06-13-12-57_backup_uploads.zip":{"file_type":"upload","root_flag":"wp-content","file":"mandolins.softsys.ca_wpvivid-62a78890d4d83_2022-06-13-12-57_backup_uploads.zip","php_version":"8.0.17","mysql_version":"10.6.7"},"mandolins.softsys.ca_wpvivid-62a78890d4d83_2022-06-13-12-57_backup_content.zip":{"file_type":"wp-content","root_flag":"root","file":"mandolins.softsys.ca_wpvivid-62a78890d4d83_2022-06-13-12-57_backup_content.zip","php_version":"8.0.17","mysql_version":"10.6.7"}},"root_flag":"custom","file":"mandolins.softsys.ca_wpvivid-62a78890d4d83_2022-06-13-12-57_backup_all.zip","php_version":"8.0.17","mysql_version":"10.6.7"}